849,177,The Idle Thoughts of an Idle Fellow
420,385,Dorothy and the Wizard in Oz
130,613,Orthodoxy
51039,422,Cavendish on Whist: 18th edition
16769,410,Orthodoxy
15622,199,Handbook on Japanning: 2nd Edition: For Ironware, Tinware, Wood, Etc. With Sections on Tinplating and Galvanizing
37841,298,Human, All-Too-Human: A Book For Free Spirits; Part II
15147,358,Beeton's Book of Needlework
32242,192,A Wonder Book for Girls & Boys
408,2346,The Souls of Black Folk
9662,786,An Enquiry Concerning Human Understanding
851,5325,Narrative of the Captivity and Restoration of Mrs. Mary Rowlandson
1151,197,The Nibelungenlied
17490,159,The Memorable Thoughts of Socrates
706,182,The Amateur Cracksman
27780,281,Treasure Island
120,4402,Treasure Island
18668,159,In Search of the Unknown
43302,187,The Kingdom of God is Within You: Christianity Not as a Mystic Religion But as a New Theory of Life
4602,479,"The Kingdom of God Is Within You": Christianity Not as a Mystic Religion but as a New Theory of Life
30601,3356,How to Analyze People on Sight: Through the Science of Human Analysis: The Five Human Types
164,981,Twenty Thousand Leagues under the Sea
50863,306,Alien Minds
5500,286,The Advancement of Learning
6369,516,Medieval Europe
29756,192,The Cat of Bubastes: A Tale of Ancient Egypt
1307,167,The Magic Skin
50406,153,Operation Interstellar
14020,208,The Works of Horace
39293,1270,The Gentlemen's Book of Etiquette and Manual of Politeness: Being a Complete Guide for a Gentleman's Conduct in All His Relations Towards Society
38219,428,A General Introduction to Psychoanalysis
13417,277,The Cook's Wedding and Other Stories
1177,164,The Memorabilia
8642,251,Woman in the Nineteenth Century: and Kindred Papers Relating to the Sphere, Condition and Duties, of Woman.
1322,5484,Leaves of Grass
7025,244,Rob Roy — Complete
708,579,The Princess and the Goblin
30755,243,The Stones of Venice, Volume 2 (of 3),
4217,2172,A Portrait of the Artist as a Young Man
2488,516,Twenty Thousand Leagues Under the Seas: An Underwater Tour of the World
23495,154,The Story of the Greeks
2400,320,Vikram and the Vampire: Classic Hindu Tales of Adventure, Magic, and Romance
27250,221,What I Saw in America
5637,185,Literary and Philosophical Essays: French, German and Italian
15076,276,Some Principles of Maritime Strategy
2038,470,The Lock and Key Library: Classic Mystery and Detective Stories: Modern English
11937,184,The Symbolism of Freemasonry: Illustrating and Explaining Its Science and Philosophy, Its Legends, Myths and Symbols