160,4881,The Awakening, and Selected Short Stories
829,4847,Gulliver's Travels into Several Remote Nations of the World
244,4535,A Study in Scarlet
19942,3810,Candide
2130,2991,Utopia
20,2522,Paradise Lost
1597,1730,Andersen's Fairy Tales
5131,1481,Childe Harold's Pilgrimage
51026,1466,Germany's Fighting Machine: Her Army, her Navy, her Airships and Why She Arrayed Them: Against the Allied Powers of Europe
3420,1409,A Vindication of the Rights of Woman: With Strictures on Political and Moral Subjects
18269,1290,Pascal's Pensées
972,1257,The Devil's Dictionary
3289,1228,The Valley of Fear
974,1142,The Secret Agent: A Simple Tale
25141,1112,The Pursuit of God
28522,1097,Laura Middleton; Her Brother and her Lover
1946,1096,On War — Volume 1
36238,1088,The Mantle, and Other Stories
51054,1059,The Wolf-Leader
51150,1050,Venus is a Man's World
51072,979,Shamar's War
51061,937,The Wide World Magazine - Vol. 22, No. 131, February 1909
4018,846,Japanese Fairy Tales
1097,780,Mrs. Warren's Profession
26,730,Paradise Lost
51213,729,The Art of Bookbinding: A practical treatise, with plates and diagrams
18362,710,Fifteen Thousand Useful Phrases: A Practical Handbook Of Pertinent Expressions, Striking Similes, Literary, Commercial, Conversational, And Oratorical Terms, For The Embellishment Of Speech And Literature, And The Improvement Of The Vocabulary Of Those Persons Who Read, Write, And Speak English
2529,682,The Analysis of Mind
35451,661,Medea of Euripides
38326,661,Bede's Ecclesiastical History of England
50960,647,Dave Dawson on Convoy Patrol
12513,646,A Classification and Subject Index for Cataloguing and Arranging the Books and Pamphlets of a Library
2040,643,Confessions of an English Opium-Eater
12753,640,The Legends of King Arthur and His Knights
6081,627,Biographia Literaria
32474,623,The Memoirs of the Conquistador Bernal Diaz del Castillo, Vol 1 (of 2): Written by Himself Containing a True and Full Account of the Discovery and Conquest of Mexico and New Spain.
4320,596,An Enquiry Concerning the Principles of Morals
29635,591,Dr. Montessori's Own Handbook
33504,585,Opticks: Or, A Treatise of the Reflections, Refractions, Inflections, and Colours of Light
3435,578,The Book of the Thousand Nights and a Night — Volume 01
68,571,Warlord of Mars
5657,570,The Practice of the Presence of God
2587,559,Life Is a Dream
217,547,Sons and Lovers
157,531,Daddy-Long-Legs
51073,529,Little Almond Blossoms: A Book of Chinese Stories for Children
10148,511,The Merry Adventures of Robin Hood
50963,502,Future Development of Japanese Dwelling Houses
15210,496,Darkwater: Voices from Within the Veil
12228,469,Home Geography for Primary Grades
30123,464,Micromegas
30325,443,The Elements of Drawing, in Three Letters to Beginners
144,437,The Voyage Out
6867,414,Lineage, Life and Labors of José Rizal, Philippine Patriot
17851,414,The History of Mary Prince, a West Indian Slave
39863,409,The Montessori Method: Scientific Pedagogy as Applied to Child Education in 'The Children's Houses' with Additions and Revisions by the Author
1685,406,The Mystery of the Yellow Room
1156,397,Babbitt
50978,393,The Lion's Whelp: A Story of Cromwell's Time
28289,390,The Essays of "George Eliot": Complete
2388,388,The Song Celestial; Or, Bhagavad-Gîtâ (from the Mahâbhârata): Being a discourse between Arjuna, Prince of India, and the Supreme Being under the form of Krishna
1103,384,King Richard III
45502,376,How the Other Half Lives: Studies Among the Tenements of New York
445,375,The Crowd: A Study of the Popular Mind
24,371,O Pioneers!
51025,371,Charles Sumner; his complete works, volume 20 (of 20)
41085,368,The New Life (La Vita Nuova)
1292,367,The Way of the World
1572,365,Timaeus
4352,365,Laughter: An Essay on the Meaning of the Comic
51195,350,Camp Court and Siege: A Narrative of Personal Adventure and Observation During Two Wars: 1861-1865; 1870-1871
1213,349,The Man That Corrupted Hadleyburg
2526,338,The Yoga Sutras of Patanjali: The Book of the Spiritual Man
34607,337,Woodcraft and Camping
50970,334,An Account of the Escape of Six Federal Soldiers from Prison at Danville, Va.
1726,323,Theaetetus
9411,320,Legends of the Gods: The Egyptian Texts, edited with Translations
51163,320,The Australian Victories in France in 1918
1022,317,Walking
51100,312,Chambers's Journal of Popular Literature, Science, and Art, No. 726: November 24, 1877
1720,310,The Man Who Knew Too Much
30577,300,Told in the Coffee House: Turkish Tales
19,297,The Song of Hiawatha
14636,297,Tragic Sense Of Life
348,296,Hesiod, the Homeric Hymns, and Homerica
50774,293,Contagion
51229,293,The Reformation and the Renaissance (1485-1547): Second Edition
26323,284,The Suffrage Cook Book
432,281,The Ambassadors
903,281,The White Company
551,278,The Land That Time Forgot
41501,278,How to Read Human Nature: Its Inner States and Outer Forms
22373,272,Russian Fairy Tales: A Choice Collection of Muscovite Folk-lore
34300,272,Leonardo da Vinci: A Psychosexual Study of an Infantile Reminiscence
134,271,Maria; Or, The Wrongs of Woman
711,269,Allan Quatermain
17860,262,Stories from Hans Andersen
8997,259,Ritchie's Fabulae Faciles: A First Latin Reader
1354,258,Chronicles of Avonlea
32571,258,Hans Andersen's Fairy Tales. First Series
2010,257,The Autobiography of Charles Darwin
964,252,The Merry Adventures of Robin Hood
41064,252,The Chapter Ends
1911,251,Concerning Christian Liberty; with Letter of Martin Luther to Pope Leo X.
1441,248,The Story of an African Farm
18569,248,Voltaire's Philosophical Dictionary
19499,244,Music Notation and Terminology
2062,239,All for Love; Or, The World Well Lost: A Tragedy
42055,238,Your Mind and How to Use It: A Manual of Practical Psychology
7118,236,What Maisie Knew
13510,236,Knots, Splices and Rope Work: A Practical Treatise Giving Complete and Simple Directions for Making All the Most Useful and Ornamental Knots in Common Use, with Chapters on Splicing, Pointing, Seizing, Serving, etc.
51154,236,Fairlop and its Founder
42290,232,A Hundred and Seventy Chinese Poems
2081,229,The Blithedale Romance
1947,227,Scaramouche: A Romance of the French Revolution
20590,224,Letters & Lettering: A Treatise with 200 Examples
7097,219,Autobiography of Ma-ka-tai-me-she-kia-kiak, or Black Hawk
36462,217,King Arthur and the Knights of the Round Table
619,215,The Warden
2945,215,Essays — Second Series
492,211,Essays in the Art of Writing
10378,211,Autobiography
13611,211,Studies in the Psychology of Sex, Volume 2: Sexual Inversion
4047,209,The Leavenworth Case
3013,208,The Birds
18477,208,The Science of Human Nature: A Psychology for Beginners
2770,207,Five Little Peppers and How They Grew
5164,207,The Beetle: A Mystery
11696,206,The Food of the Gods and How It Came to Earth
20288,204,Edward the Second
2060,202,The History of Caliph Vathek
20533,202,Jill the Reckless
21566,202,The Good Old Songs We Used to Sing, '61 to '65
2874,197,Personal Recollections of Joan of Arc — Volume 1
17774,196,The Poetry of Architecture: Or, the Architecture of the Nations of Europe Considered in its Association with Natural Scenery and National Character
12384,194,Battle-Pieces and Aspects of the War
5428,191,A Defence of Poetry and Other Essays
12187,188,The Mystery of 31 New Inn
48225,188,Collected Papers on Analytical Psychology
13937,185,The Mysterious Rider
2832,183,Myth, Ritual and Religion, Vol. 1 (of 2)
3776,182,The Valley of Fear
535,179,Travels with a Donkey in the Cevennes
35877,174,Group Psychology and The Analysis of The Ego
22754,173,Masters of Space
677,172,The Heroes; Or, Greek Fairy Tales for My Children
92,168,Tarzan and the Jewels of Opar
50820,166,Mrs. Dot: A Farce
166,165,Summer
1608,164,Camille (La Dame aux Camilias)
26854,164,The Trembling of a Leaf: Little Stories of the South Sea Islands
170,162,The Haunted Hotel: A Mystery of Modern Venice
11451,162,The Rome Express
5615,161,The Pink Fairy Book
14056,161,The French Impressionists (1860-1900)
32950,161,Camp and Trail
2825,160,Undine
12239,160,Dead Men's Money
21051,157,Skylark Three
498,155,Rebecca of Sunnybrook Farm
20387,155,A Thin Ghost and Others
8178,154,The Politeness of Princes, and Other School Stories
2480,153,Under Western Eyes
775,151,When the Sleeper Wakes
1408,151,The Natural History of Selborne
4301,151,The Nether World
10739,151,The Essays of Arthur Schopenhauer; On Human Nature