16287,222,Talks To Teachers On Psychology; And To Students On Some Of Life's Ideals
19229,166,Anticipations: Of the Reaction of Mechanical and Scientific Progress upon Human life and Thought
45410,616,Composition
27755,169,Hidden Symbolism of Alchemy and the Occult Arts
24726,206,A History of Art for Beginners and Students: Painting, Sculpture, Architecture
624,679,Looking Backward, 2000 to 1887
10135,453,The Great English Short-Story Writers, Volume 1
15859,577,The Piazza Tales
19145,225,The Time Traders
1999,210,Crome Yellow
2441,211,The Burgess Animal Book for Children
600,1966,Notes from the Underground
13414,191,Love and Other Stories
32572,378,Hans Andersen's Fairy Tales. Second Series
3499,257,Jo's Boys
1188,206,The Lair of the White Worm
1081,462,Dead Souls
12699,271,The Works of Aristotle the Famous Philosopher: Containing his Complete Masterpiece and Family Physician; his Experienced Midwife, his Book of Problems and his Remarks on Physiognomy
18136,194,The Mysteries of Free Masonry: Containing All the Degrees of the Order Conferred in a Master's Lodge
11945,463,Essays of Schopenhauer
1533,165,Macbeth
1129,449,The Tragedy of Macbeth
19264,205,Japanese Literature: Including Selections from Genji Monogatari and Classical Poetry and Drama of Japan
6695,559,Tales of the Jazz Age
50914,160,Dreadnoughts of the Dogger: A Story of the War on the North Sea
51000,450,School Reading By Grades: Fifth Year
2233,201,A Damsel in Distress
935,373,Self Help; with Illustrations of Conduct and Perseverance
316,151,The Golden Road
2688,237,The Clue of the Twisted Candle
8223,184,Edgar Huntly; or, Memoirs of a Sleep-Walker
27722,156,Masterpieces of Mystery in Four Volumes: Ghost Stories
15718,527,How To Write Special Feature Articles: A Handbook for Reporters, Correspondents and Free-Lance Writers Who Desire to Contribute to Popular Magazines and Magazine Sections of Newspapers
1745,352,The Poetical Works of John Milton
14726,350,The Elder Eddas of Saemund Sigfusson; and the Younger Eddas of Snorre Sturleson
20846,195,Handwork in Wood
1951,350,The Coming Race
81,384,The Return of Tarzan
141,2165,Mansfield Park
2456,289,The History of Herodotus — Volume 2
2464,155,History of Florence and of the Affairs of Italy: From the Earliest Times to the Death of Lorenzo the Magnificent
20411,174,The Witch-cult in Western Europe: A Study in Anthropology
2150,636,The Works of Edgar Allan Poe — Volume 4
1965,417,Captain Blood
51142,782,The Times Red Cross Story Book: by Famous Novelists Serving in His Majesty's Forces
42078,192,The Letters of Jane Austen: Selected from the compilation of her great nephew, Edward, Lord Bradbourne
51113,294,Plays, written by Sir John Vanbrugh, volume the first
36542,387,The American Occupation of the Philippines 1898-1912