51065,424,The History and Romance of Crime: German and Austrian Prisons: Prisons of Prussia, Bavaria, Saxony and Austria-Hungary; the Fortresses of Magdeburg and Spielberg
101,155,The Hacker Crackdown: Law and Disorder on the Electronic Frontier
394,285,Cranford
3189,372,Sketches New and Old
28420,153,Lives of the Most Eminent Painters Sculptors and Architects, Vol. 04 (of 10): Filippino Lippi to Domenico Puligo
51058,924,Motorcycle, Solo (Harley-Davidson Model WLA)
51123,462,Paddington: Past and Present
1937,304,The Second Jungle Book
512,1615,Mosses from an Old Manse, and Other Stories
370,510,The Fortunes and Misfortunes of the Famous Moll Flanders
51127,325,Motor Matt on the Wing: or, Flying for Fame and Fortune
147,3068,Common Sense
13015,175,Tales of Old Japan
35155,216,The Betrothed: From the Italian of Alessandro Manzoni
62,2515,A Princess of Mars
14420,192,The Exemplary Novels of Cervantes
21200,336,The Letters of Cicero, Volume 1: The Whole Extant Correspodence in Chronological Order
30754,266,The Stones of Venice, Volume 1 (of 3)
21765,598,The Metamorphoses of Ovid, Books I-VII