844,9373,The Importance of Being Earnest: A Trivial Comedy for Serious People
2542,8213,A Doll's House : a play
6130,4795,The Iliad
2814,4742,Dubliners
3825,3580,Pygmalion
140,3535,The Jungle
55,3035,The Wonderful Wizard of Oz
12,2892,Through the Looking-Glass
45,2706,Anne of Green Gables
36,2496,The War of the Worlds
7700,2362,Lysistrata
5740,2257,Tractatus Logico-Philosophicus
2680,2223,Meditations
834,2164,The Memoirs of Sherlock Holmes
2264,1986,Macbeth
37134,1980,The Elements of Style
4276,1543,North and South
1837,1389,The Prince and the Pauper
3800,1327,Ethics
447,1295,Maggie: A Girl of the Streets
32032,1292,Second Variety
51038,1256,Of Ghostes and Spirites, Walking by Night: And of Straunge Noyses, Crackes, and Sundrie Forewarnings,: Which Commonly Happen Before the Death of Men: Great: Slaughters, and Alterations of Kingdoms
5225,1206,The Satyricon — Complete
113,1153,The Secret Garden
5682,1148,Fundamental Principles of the Metaphysic of Morals
51102,1148,The Sentimentalists
2892,1123,Irish Fairy Tales
1079,1119,The Life and Opinions of Tristram Shandy, Gentleman
45631,1116,Twelve Years a Slave: Narrative of Solomon Northup, a Citizen of New-York, Kidnapped in Washington City in 1841, and Rescued in 1853, from a Cotton Plantation near the Red River in Louisiana
17192,1081,The Raven
5001,1057,Relativity : the Special and General Theory
2199,994,The Iliad
1658,958,Phaedo
51199,944,Teddy Bears
3186,919,The Mysterious Stranger, and Other Stories
50988,898,Bodyguard
10554,896,Right Ho, Jeeves
51145,823,Asmodeus; or, The Devil on Two Sticks
20417,803,The Outline of Science, Vol. 1 (of 4): A Plain Story Simply Told
1756,799,Uncle Vanya: Scenes from Country Life in Four Acts
2067,784,Beasts, Men and Gods
3155,769,She
17396,716,The Secret Garden
8578,715,The Grand Inquisitor
12096,699,Bushido, the Soul of Japan
15396,688,Tender Buttons: Objects—Food—Rooms
50994,679,The Cambridge Book of Poetry for Children: Parts 1 and 2
1,673,The Declaration of Independence of the United States of America
29558,666,Boy Scouts Handbook: The First Edition, 1911
14323,658,Là-bas
15143,653,Famous Modern Ghost Stories
51109,650,Elocution Simplified: With An Appendix on Lisping, Stammering, Stuttering, and: other defects of speech.
833,648,The Theory of the Leisure Class
18247,648,The Last Man
2811,633,Letters of Pliny
2274,632,How to Live on 24 Hours a Day
38145,628,Human, All Too Human: A Book for Free Spirits
9105,622,Reflections; or Sentences and Moral Maxims
50928,616,Hot Planet
10897,612,The Wendigo
51080,610,Among the Burmans: A Record of Fifteen Years of Work and its Fruitage
1430,609,Beautiful Stories from Shakespeare
51131,595,A voyage to Spitzbergen: containing an account of that country, of the zoology of: the North; of the Shetland Islands; and of the whale fishery
1170,588,Anabasis
51128,578,Greek Dress: A Study of the Costumes Worn in Ancient Greece, from Pre-Hellenic Times to the Hellenistic Age
50985,568,A Treatise on Acupuncturation
220,539,The Secret Sharer
51048,527,The Geologic Story of Canyonlands National Park
34632,525,Selected Sermons of Jonathan Edwards
5669,521,Considerations on Representative Government
25290,515,Line and Form (1900)
51140,515,The Bible and Polygamy: Does the Bible Sanction Polygamy?
14244,512,The Romance of Tristan and Iseult
50991,493,Fifteen Months in Dixie: My Personal Experience in Rebel Prisons
11505,485,All Things Considered
1094,474,Tamburlaine the Great — Part 1
33525,451,Stories from Tagore
2344,445,The Adventure of the Cardboard Box
10657,440,"De Bello Gallico" and Other Commentaries
16452,438,The Iliad of Homer: Translated into English Blank Verse by William Cowper
50931,430,Stories of Enchantment: or, The Ghost Flower
51188,430,The Captain's Story: or The Disobedient Son
8486,423,Ghost Stories of an Antiquary
5720,421,A Shropshire Lad
391,419,The Song of Roland
16269,411,Thought-Forms
51216,411,Bridge; its Priciples and Rules of Play: with Illustrative Hands and the Club Code of Bridge Laws
5670,403,Jacob's Room
7439,399,English Fairy Tales
33922,395,True Detective Stories from the Archives of the Pinkertons
6043,389,The Spanish Tragedie
51108,388,Medley Dialect Recitations Comprising A Series of The Most Popular Selections in German, French, Scotch
38404,384,A Journey from Prince of Wales's Fort in Hudson's Bay to the Northern Ocean in the Years 1769, 1770, 1771, 1772: New Edition with Introduction, Notes, and Illustrations
6763,383,Aristotle on the art of poetry
27458,371,Aeschylus' Prometheus Bound and the Seven Against Thebes
25929,363,Daemonologie.
2343,357,The Adventure of Wisteria Lodge
222,352,The Moon and Sixpence
24737,352,The Children of Odin: The Book of Northern Myths
33511,351,Tales of Passed Times
15492,350,A Doll's House
1013,348,The First Men in the Moon
50975,348,Motor Matt's Prize: or, The Pluck That Wins
1051,347,Sartor Resartus: The Life and Opinions of Herr Teufelsdröckh
2788,346,Little Men
1059,343,The World Set Free
19022,342,The Science of Fingerprints: Classification and Uses
51079,338,Ned, Bob and Jerry at Boxwood Hall: Or The Motor Boys as Freshmen
43936,332,The Wonderful Wizard of Oz
6409,327,How to Speak and Write Correctly
2197,326,The Gambler
18947,325,The Younger Edda; Also called Snorre's Edda, or The Prose Edda
29854,316,The Works of Aphra Behn: Volume V
3328,312,Man and Superman: A Comedy and a Philosophy
51063,311,John Call Dalton, M.D., U.S.V.
8102,308,The Forme of Cury: A Roll of Ancient English Cookery Compiled, about A.D. 1390
15665,307,New Latin Grammar
34815,303,Jane's All the World's Aircraft. 1913
21840,302,Woman: Her Sex and Love Life
1570,301,The Power of Concentration
34081,290,Myths & Legends of the Celtic Race
2412,289,The Categories
1666,286,The Golden Asse
6768,286,The Man Upstairs and Other Stories
35173,283,The Bacchae of Euripides
41395,280,Elementary Zoology, Second Edition
7524,277,The Germany and the Agricola of Tacitus
8387,274,Hunger
486,268,Ozma of Oz
22535,267,Rubáiyát of Omar Khayyám and Salámán and Absál: Together With A Life Of Edward Fitzgerald And An Essay On: Persian Poetry By Ralph Waldo Emerson
2253,266,Henry V
19445,264,Omnilingual
17976,262,Autobiography of Andrew Carnegie
1689,252,The Pivot of Civilization
33391,248,Bill Nye's Cordwood
791,245,The Princess
34325,245,The Zen Experience
37970,243,Contemporary One-Act Plays
2607,242,Psmith, Journalist
4925,242,The Age of Fable
11074,241,The Damned
38067,241,A Select Collection of Valuable and Curious Arts and Interesting Experiments,: Which are Well Explained and Warranted Genuine and may be Performed Easily, Safely, and at Little Expense.
11962,235,A Mind That Found Itself: An Autobiography
605,231,Pellucidar
20748,231,Favorite Fairy Tales
17594,227,Lectures on Language: As Particularly Connected with English Grammar.
1028,223,The Professor
2131,223,An Account of Egypt
15772,223,Machiavelli, Volume I
16376,223,Browning's Shorter Poems
3536,220,The Enchanted Castle
35688,220,Alice in Wonderland: A Dramatization of Lewis Carroll's "Alice's Adventures in Wonderland" and "Through the Looking Glass"
1142,219,Typhoon
16921,218,Plague Ship
398,215,The First Book of Adam and Eve
28215,214,Empire
8905,210,Lyrical Ballads, with Other Poems, 1800, Volume 1
9629,210,Ghost Stories of an Antiquary Part 2: More Ghost Stories
16256,203,The Psychology of Management: The Function of the Mind in Determining, Teaching and Installing Methods of Least Waste
26073,203,The Metamorphoses of Ovid, Books VIII-XV
4028,201,The Autobiography of Benvenuto Cellini
24534,201,The Autobiography of St. Ignatius
42988,200,Nursing as Caring: A Model for Transforming Practice
6753,199,Psmith in the City
15041,199,The Negro Problem
1493,198,The Legends of the Jews — Volume 1
7885,198,Celtic Fairy Tales
50827,198,Orphans of the Void
2085,197,Cyropaedia: The Education of Cyrus
6150,197,The Iliad
19651,196,Key Out of Time
12642,193,The Lady's Album of Fancy Work for 1850: Consisting of Novel, Elegant, and Useful Designs in Knitting, Netting, Crochet, Braiding, and Embroidery, with Clear and Explicit Directions for Working the Patterns
16927,192,Tacitus: The Histories, Volumes I and II
21970,192,The Scarlet Plague
3327,190,Bulfinch's Mythology: The Age of Fable
17314,190,Five Children and It
1270,188,In Defense of Women
24055,188,The Sayings Of Confucius
46787,188,Grapes of wrath
30452,187,Astounding Stories,  April, 1931
419,186,The Magic of Oz
7164,186,Gitanjali
3261,184,News from Nowhere; Or, An Epoch of Rest: Being Some Chapters from a Utopian Romance
2017,181,Dhammapada, a Collection of Verses; Being One of the Canonical Books of the Buddhists
13505,179,The Duel and Other Stories
653,174,The Chimes: A Goblin Story of Some Bells That Rang an Old Year out and a New Year In
887,173,Intentions
31893,172,Astounding Stories, June, 1931
18137,171,Little Fuzzy
50828,171,The Bark Canoes and Skin Boats of North America
15460,170,A Course In Wood Turning
16389,170,The Enchanted April
2804,168,Rose in Bloom: A Sequel to "Eight Cousins"
3533,168,Sunshine Sketches of a Little Town
20151,168,Hidden Treasures; Or, Why Some Succeed While Others Fail
17243,167,Full Revelations of a Professional Rat-catcher After 25 Years' Experience
23033,167,Classic French Course in English
956,163,Tik-Tok of Oz
15238,163,Mathilda
16578,163,The Kipling Reader: Selections from the Books of Rudyard Kipling
45755,162,The Burning Secret
20248,160,The Necessity of Atheism
30177,160,Astounding Stories of Super-Science January 1931
50585,160,A Thousand Degrees Below Zero
5347,159,Understood Betsy
33016,159,Astounding Stories,  August, 1931
3837,158,Hospital Sketches
19553,158,The Private Diary of Dr. John Dee, and the Catalog of His Library of Manuscripts
31431,158,Old-Time Stories
41637,158,The Forgotten Planet
16751,157,McGuffey's Sixth Eclectic Reader
29848,157,Astounding Stories of Super-Science, June, 1930
34114,155,Soap-Making Manual: A Practical Handbook on the Raw Materials, Their Manipulation, Analysis and Control in the Modern Soap Plant.
1249,154,Anthem
8714,154,Four Plays of Aeschylus
34773,152,Woodcraft
43383,152,On the Natural Faculties
24964,151,Handbook of Embroidery
32759,151,Red Nails