14916,333,Fairy Tales Every Child Should Know
30142,252,Little Brother
21700,1530,Don Juan
51191,390,Nooks and Corners of Lancashire and Cheshire.: A Wayfarer's Notes in the Palatine Counties, Historical,: Legendary, Genealogical, and Descriptive.
51021,469,The Geological History of Plants
39272,259,The inventions, researches and writings of Nikola Tesla: With special reference to his work in polyphase currents and high potential lighting
26659,430,The Will to Believe, and Other Essays in Popular Philosophy
730,2953,Oliver Twist
7464,282,The Adventures of Sally
9182,666,Villette